{
  "credit": "Made with Blockbench",
  "texture_size": [32, 32],
  "textures": {
    "0": "ae2:item/tool_base",
    "particle": "ae2:item/tool_base"
  },
  "elements": [
    {
      "from": [6, 5, 0],
      "to": [10, 9, 15],
      "faces": {
        "north": {
          "uv": [7.5, 0, 9.5, 2],
          "texture": "#0",
          "cullface": "north"
        },
        "east": { "uv": [0, 0, 7.5, 2], "texture": "#0" },
        "south": { "uv": [7.5, 2, 9.5, 4], "texture": "#0" },
        "west": { "uv": [7.5, 0, 0, 2], "texture": "#0" },
        "up": { "uv": [0, 2, 7.5, 4], "rotation": 90, "texture": "#0" },
        "down": { "uv": [0, 4, 7.5, 6], "rotation": 90, "texture": "#0" }
      }
    },
    {
      "from": [7, 0, 10],
      "to": [9, 5, 12],
      "rotation": { "angle": -22.5, "axis": "x", "origin": [8, 5, 10] },
      "faces": {
        "north": { "uv": [3, 6, 4, 8.5], "texture": "#0" },
        "east": { "uv": [1, 6, 2, 8.5], "texture": "#0" },
        "south": { "uv": [2, 6, 3, 8.5], "texture": "#0" },
        "west": { "uv": [0, 6, 1, 8.5], "texture": "#0" },
        "down": { "uv": [4, 7.5, 5, 8.5], "texture": "#0" }
      }
    },
    {
      "from": [7.5, 3.5, 9.5],
      "to": [8.5, 5.5, 10.5],
      "rotation": { "angle": -22.5, "axis": "x", "origin": [8, 5, 10] },
      "faces": {
        "north": { "uv": [4, 6, 4.5, 7], "texture": "#0" },
        "east": { "uv": [4, 6, 4.5, 7], "texture": "#0" },
        "west": { "uv": [4, 6, 4.5, 7], "texture": "#0" },
        "down": { "uv": [4, 6.5, 4.5, 7], "texture": "#0" }
      }
    },
    {
      "from": [5.5, 4.5, 3],
      "to": [10.5, 9.5, 6],
      "faces": {
        "north": { "uv": [9.5, 2.5, 12, 5], "texture": "#0" },
        "east": { "uv": [9.5, 0, 11, 2.5], "texture": "#0" },
        "south": { "uv": [12, 2.5, 14.5, 5], "texture": "#0" },
        "west": { "uv": [11, 0, 9.5, 2.5], "texture": "#0" },
        "up": { "uv": [11, 0, 12.5, 2.5], "rotation": 90, "texture": "#0" },
        "down": { "uv": [12.5, 0, 14, 2.5], "rotation": 90, "texture": "#0" }
      }
    },
    {
      "from": [5.5, 4.5, 11],
      "to": [10.5, 9.5, 14],
      "rotation": { "angle": 0, "axis": "y", "origin": [0, 0, 8] },
      "faces": {
        "north": { "uv": [9.5, 7.5, 12, 10], "texture": "#0" },
        "east": { "uv": [9.5, 5, 11, 7.5], "texture": "#0" },
        "south": { "uv": [12, 7.5, 14.5, 10], "texture": "#0" },
        "west": { "uv": [11, 5, 9.5, 7.5], "texture": "#0" },
        "up": { "uv": [11, 5, 12.5, 7.5], "rotation": 90, "texture": "#0" },
        "down": { "uv": [12.5, 5, 14, 7.5], "rotation": 90, "texture": "#0" }
      }
    },
    {
      "from": [6.5, 6, 9],
      "to": [9.5, 10, 16],
      "rotation": { "angle": 0, "axis": "y", "origin": [0, 0.5, -3] },
      "faces": {
        "north": { "uv": [5, 8.5, 6.5, 10.5], "texture": "#0" },
        "east": { "uv": [0, 12, 3.5, 14], "texture": "#0" },
        "south": {
          "uv": [3.5, 8.5, 5, 10.5],
          "texture": "#0",
          "cullface": "south"
        },
        "west": { "uv": [0, 8.5, 3.5, 10.5], "texture": "#0" },
        "up": { "uv": [0, 10.5, 3.5, 12], "rotation": 90, "texture": "#0" },
        "down": { "uv": [0, 14, 3.5, 15.5], "rotation": 90, "texture": "#0" }
      }
    }
  ],
  "display": {
    "thirdperson_righthand": {
      "translation": [0, 2.25, -2],
      "scale": [0.6, 0.6, 0.6]
    },
    "thirdperson_lefthand": {
      "translation": [0, 2.25, -2],
      "scale": [0.6, 0.6, 0.6]
    },
    "firstperson_righthand": {
      "translation": [0, 0, -2.5],
      "scale": [0.8, 0.8, 0.8]
    },
    "firstperson_lefthand": {
      "translation": [0, 0, -2.5],
      "scale": [0.8, 0.8, 0.8]
    },
    "ground": {
      "scale": [0.4, 0.4, 0.4]
    },
    "gui": {
      "rotation": [30, 225, 0],
      "translation": [0, 0.5, 0],
      "scale": [0.8, 0.8, 0.8]
    },
    "fixed": {
      "rotation": [0, 90, 0],
      "translation": [0, 0, -1.5]
    }
  }
}
