{
  "credit": "Made with Blockbench",
  "parent": "block/block",
  "textures": {
    "0": "ae2:item/meteorite_compass",
    "particle": "ae2:item/meteorite_compass"
  },
  "elements": [
    {
      "name": "Base",
      "from": [4, 0, 4],
      "to": [12, 1, 12],
      "faces": {
        "north": { "uv": [8, 15, 0, 16], "texture": "#0" },
        "east": { "uv": [8, 8, 7, 16], "rotation": 270, "texture": "#0" },
        "south": { "uv": [0, 8, 8, 9], "texture": "#0" },
        "west": { "uv": [0, 8, 1, 16], "rotation": 90, "texture": "#0" },
        "up": { "uv": [0, 16, 8, 8], "texture": "#0" },
        "down": { "uv": [0, 8, 8, 16], "texture": "#0" }
      }
    },
    {
      "name": "Border",
      "from": [4, 1, 4],
      "to": [12, 3, 5],
      "faces": {
        "north": { "uv": [0, 0, 8, 2], "texture": "#0" },
        "east": { "uv": [0, 0, 1, 2], "texture": "#0" },
        "south": { "uv": [8, 0, 0, 2], "texture": "#0" },
        "west": { "uv": [7, 0, 8, 2], "texture": "#0" },
        "up": { "uv": [8, 0, 0, 1], "texture": "#0" },
        "down": { "uv": [0, 0, 8, 1], "texture": "#0", "cullface": "down" }
      }
    },
    {
      "name": "Border",
      "from": [4, 1, 11],
      "to": [12, 3, 12],
      "faces": {
        "north": { "uv": [0, 2, 8, 4], "texture": "#0" },
        "east": { "uv": [0, 2, 1, 4], "texture": "#0" },
        "south": { "uv": [8, 2, 0, 4], "texture": "#0" },
        "west": { "uv": [7, 2, 8, 4], "texture": "#0" },
        "up": { "uv": [8, 2, 0, 3], "texture": "#0" },
        "down": { "uv": [0, 0, 8, 1], "texture": "#0", "cullface": "down" }
      }
    },
    {
      "name": "Border",
      "from": [11, 1, 5],
      "to": [12, 3, 11],
      "faces": {
        "north": { "uv": [0, 0, 1, 2], "texture": "#0", "cullface": "north" },
        "east": { "uv": [8, 0, 14, 2], "texture": "#0" },
        "south": { "uv": [0, 0, 1, 2], "texture": "#0", "cullface": "south" },
        "west": { "uv": [14, 0, 8, 2], "texture": "#0" },
        "up": { "uv": [14, 0, 8, 1], "rotation": 90, "texture": "#0" },
        "down": { "uv": [0, 0, 1, 6], "texture": "#0", "cullface": "down" }
      }
    },
    {
      "name": "Border",
      "from": [4, 1, 5],
      "to": [5, 3, 11],
      "faces": {
        "north": { "uv": [0, 0, 1, 2], "texture": "#0", "cullface": "north" },
        "east": { "uv": [8, 2, 14, 4], "texture": "#0" },
        "south": { "uv": [0, 0, 1, 2], "texture": "#0", "cullface": "south" },
        "west": { "uv": [14, 2, 8, 4], "texture": "#0" },
        "up": { "uv": [14, 2, 8, 3], "rotation": 90, "texture": "#0" },
        "down": { "uv": [0, 0, 1, 6], "texture": "#0", "cullface": "down" }
      }
    },
    {
      "name": "Nibble",
      "from": [7, 1, 7],
      "to": [9, 3, 9],
      "faces": {
        "north": { "uv": [10, 8, 8, 10], "texture": "#0" },
        "east": { "uv": [8, 8, 10, 10], "texture": "#0" },
        "south": { "uv": [10, 8, 8, 10], "texture": "#0" },
        "west": { "uv": [8, 8, 10, 10], "texture": "#0" },
        "up": { "uv": [10, 8, 12, 10], "texture": "#0" },
        "down": { "uv": [0, 0, 2, 2], "texture": "#0", "cullface": "down" }
      }
    }
  ],
  "display": {
    "thirdperson_righthand": {
      "rotation": [75, 90, 0],
      "translation": [0, 2, 2],
      "scale": [0.375, 0.375, 0.375]
    },
    "thirdperson_lefthand": {
      "rotation": [75, 90, 0],
      "translation": [0, 2, 2],
      "scale": [0.375, 0.375, 0.375]
    },
    "firstperson_righthand": {
      "rotation": [0, 45, 15],
      "translation": [0, 5.25, 0.25],
      "scale": [0.75, 0.75, 0.75]
    },
    "firstperson_lefthand": {
      "rotation": [0, 45, 15],
      "translation": [0, 5.25, 0.25],
      "scale": [0.75, 0.75, 0.75]
    },
    "ground": {
      "translation": [0, 3, 0],
      "scale": [0.25, 0.25, 0.25]
    },
    "gui": {
      "rotation": [60, 45, 0],
      "translation": [0, 4, 0],
      "scale": [1.2, 1.2, 1.2]
    },
    "fixed": {
      "scale": [0.5, 0.5, 0.5]
    }
  }
}
