{
  "credit": "Made with Blockbench",
  "texture_size": [32, 32],
  "textures": {
    "particle": "ae2:item/tool_base",
    "base": "ae2:item/tool_base"
  },
  "elements": [
    {
      "from": [7, 0, 10],
      "to": [9, 5, 12],
      "rotation": { "angle": -22.5, "axis": "x", "origin": [8, 5, 10] },
      "faces": {
        "north": { "uv": [3, 6, 4, 8.5], "texture": "#base" },
        "east": { "uv": [1, 6, 2, 8.5], "texture": "#base" },
        "south": { "uv": [2, 6, 3, 8.5], "texture": "#base" },
        "west": { "uv": [0, 6, 1, 8.5], "texture": "#base" },
        "down": { "uv": [4, 7.5, 5, 8.5], "texture": "#base" }
      }
    },
    {
      "from": [6, 5, 8],
      "to": [10, 9, 15],
      "faces": {
        "north": { "uv": [7.5, 4, 9.5, 6], "texture": "#base" },
        "east": { "uv": [0, 0, 3.5, 2], "texture": "#base" },
        "south": { "uv": [7.5, 2, 9.5, 4], "texture": "#base" },
        "west": { "uv": [3.5, 0, 0, 2], "texture": "#base" },
        "up": { "uv": [4, 2, 7.5, 4], "rotation": 90, "texture": "#base" },
        "down": { "uv": [0, 4, 3.5, 6], "rotation": 90, "texture": "#base" }
      }
    },
    {
      "from": [7.5, 3.5, 9.5],
      "to": [8.5, 5.5, 10.5],
      "rotation": { "angle": -22.5, "axis": "x", "origin": [8, 5, 10] },
      "faces": {
        "north": { "uv": [4, 6, 4.5, 7], "texture": "#base" },
        "east": { "uv": [4, 6, 4.5, 7], "texture": "#base" },
        "west": { "uv": [4, 6, 4.5, 7], "texture": "#base" },
        "down": { "uv": [4, 6.5, 4.5, 7], "texture": "#base" }
      }
    },
    {
      "from": [6.5, 6, 9],
      "to": [9.5, 10, 16],
      "rotation": { "angle": 0, "axis": "y", "origin": [0, 0.5, -3] },
      "faces": {
        "north": { "uv": [5, 8.5, 6.5, 10.5], "texture": "#base" },
        "east": { "uv": [0, 12, 3.5, 14], "texture": "#base" },
        "south": {
          "uv": [3.5, 8.5, 5, 10.5],
          "texture": "#base",
          "cullface": "south"
        },
        "west": { "uv": [0, 8.5, 3.5, 10.5], "texture": "#base" },
        "up": { "uv": [0, 10.5, 3.5, 12], "rotation": 90, "texture": "#base" },
        "down": { "uv": [0, 14, 3.5, 15.5], "rotation": 90, "texture": "#base" }
      }
    },
    {
      "from": [5.5, 4.5, 11],
      "to": [10.5, 9.5, 14],
      "rotation": { "angle": 0, "axis": "y", "origin": [0, 0, 8] },
      "faces": {
        "north": { "uv": [9.5, 7.5, 12, 10], "texture": "#base" },
        "east": { "uv": [9.5, 5, 11, 7.5], "texture": "#base" },
        "south": { "uv": [12, 7.5, 14.5, 10], "texture": "#base" },
        "west": { "uv": [11, 5, 9.5, 7.5], "texture": "#base" },
        "up": { "uv": [11, 5, 12.5, 7.5], "rotation": 90, "texture": "#base" },
        "down": { "uv": [12.5, 5, 14, 7.5], "rotation": 90, "texture": "#base" }
      }
    },
    {
      "from": [7, 6, 3],
      "to": [9, 8, 8],
      "faces": {
        "north": { "uv": [7.5, 13.5, 8.5, 14.5], "texture": "#base" },
        "east": {
          "uv": [10.5, 10, 11.5, 12.5],
          "rotation": 90,
          "texture": "#base"
        },
        "west": {
          "uv": [12.5, 10, 13.5, 12.5],
          "rotation": 90,
          "texture": "#base"
        },
        "up": { "uv": [9.5, 10, 10.5, 12.5], "texture": "#base" },
        "down": { "uv": [11.5, 10, 12.5, 12.5], "texture": "#base" }
      }
    },
    {
      "from": [5.5, 5.5, 6],
      "to": [7.5, 8.5, 11],
      "rotation": { "angle": 0, "axis": "y", "origin": [0.5, -1.5, 2] },
      "faces": {
        "north": { "uv": [8, 10.5, 9, 12], "texture": "#base" },
        "east": { "uv": [2, 1.5, 2.5, 2], "texture": "#base" },
        "west": { "uv": [5.5, 10.5, 8, 12], "texture": "#base" },
        "up": { "uv": [5.5, 12, 6.5, 14.5], "texture": "#base" },
        "down": { "uv": [6.5, 12, 7.5, 14.5], "texture": "#base" }
      }
    },
    {
      "from": [7.5, 5.5, 6],
      "to": [9.5, 8.5, 7],
      "rotation": { "angle": 0, "axis": "y", "origin": [2.5, -1.5, 2] },
      "faces": {
        "north": { "uv": [7.5, 12, 8.5, 13.5], "texture": "#base" },
        "east": { "uv": [7.5, 12, 8, 13.5], "texture": "#base" },
        "south": { "uv": [8.5, 12, 7.5, 13.5], "texture": "#base" },
        "up": { "uv": [8.5, 12, 7.5, 12.5], "texture": "#base" },
        "down": { "uv": [7.5, 13, 8.5, 13.5], "texture": "#base" }
      }
    },
    {
      "from": [6, 9, 9],
      "to": [10, 10, 16],
      "rotation": { "angle": 22.5, "axis": "x", "origin": [8, 9, 16] },
      "faces": {
        "north": { "uv": [3.5, 10.5, 5.5, 11], "texture": "#base" },
        "east": {
          "uv": [5, 10.5, 5.5, 14],
          "rotation": 90,
          "texture": "#base"
        },
        "south": {
          "uv": [3.5, 13.5, 5.5, 14],
          "texture": "#base",
          "cullface": "south"
        },
        "west": {
          "uv": [3.5, 14, 4, 10.5],
          "rotation": 90,
          "texture": "#base"
        },
        "up": { "uv": [3.5, 10.5, 5.5, 14], "texture": "#base" },
        "down": { "uv": [3.5, 14, 5.5, 10.5], "texture": "#base" }
      }
    },
    {
      "from": [7, 7, 10],
      "to": [9, 9, 14],
      "rotation": { "angle": 22.5, "axis": "x", "origin": [8, 9, 16] },
      "faces": {
        "north": { "uv": [14, 1, 15, 2], "texture": "#base" },
        "east": { "uv": [14, 0, 16, 1], "texture": "#base" },
        "west": { "uv": [14, 0, 16, 1], "texture": "#base" }
      }
    },
    {
      "from": [7.5, 6.5, 0],
      "to": [8.5, 7.5, 3],
      "faces": {
        "north": {
          "uv": [9, 10.5, 9.5, 11],
          "texture": "#base",
          "cullface": "north"
        },
        "east": {
          "uv": [9, 10.5, 9.5, 12],
          "rotation": 90,
          "texture": "#base"
        },
        "west": {
          "uv": [9.5, 12, 9, 10.5],
          "rotation": 90,
          "texture": "#base"
        },
        "up": { "uv": [9, 10.5, 9.5, 12], "texture": "#base" },
        "down": { "uv": [9.5, 12, 9, 10.5], "texture": "#base" }
      }
    },
    {
      "from": [9.5, 6.5, 0],
      "to": [10.5, 7.5, 4],
      "rotation": { "angle": 0, "axis": "y", "origin": [0, 0, 1] },
      "faces": {
        "north": {
          "uv": [8.5, 12, 9, 12.5],
          "texture": "#base",
          "cullface": "north"
        },
        "east": { "uv": [8.5, 12, 9, 14], "rotation": 90, "texture": "#base" },
        "west": { "uv": [8.5, 14, 9, 12], "rotation": 90, "texture": "#base" },
        "up": { "uv": [8.5, 12, 9, 14], "texture": "#base" },
        "down": { "uv": [8.5, 14, 9, 12], "texture": "#base" }
      }
    },
    {
      "from": [9.5, 6.5, 4],
      "to": [10.5, 7.5, 7],
      "rotation": { "angle": -45, "axis": "y", "origin": [10.5, 7, 4] },
      "faces": {
        "east": {
          "uv": [9, 12, 9.5, 13.5],
          "rotation": 90,
          "texture": "#base"
        },
        "west": {
          "uv": [9, 13.5, 9.5, 12],
          "rotation": 90,
          "texture": "#base"
        },
        "up": { "uv": [9, 12, 9.5, 13.5], "texture": "#base" },
        "down": { "uv": [9, 13.5, 9.5, 12], "texture": "#base" }
      }
    }
  ],
  "display": {
    "thirdperson_righthand": {
      "translation": [0, 2.25, -2],
      "scale": [0.6, 0.6, 0.6]
    },
    "thirdperson_lefthand": {
      "translation": [0, 2.25, -2],
      "scale": [0.6, 0.6, 0.6]
    },
    "firstperson_righthand": {
      "translation": [0, 0, -2.5],
      "scale": [0.8, 0.8, 0.8]
    },
    "firstperson_lefthand": {
      "translation": [0, 0, -2.5],
      "scale": [0.8, 0.8, 0.8]
    },
    "ground": {
      "scale": [0.4, 0.4, 0.4]
    },
    "gui": {
      "rotation": [30, 225, 0],
      "translation": [1, 0, 0]
    },
    "fixed": {
      "rotation": [0, 90, 0],
      "translation": [0, 0, -1.25]
    }
  }
}
